{"scores": [[[2.801412989976898, 3.5704857780669883, 3.347807186578171, 1.5355858084823755, 2.871515493705335, 1.8723050560382344, 2.7699898270030943, 0.24181019023349926, 2.3985133829002887, 2.0296476359876046, 1.6262907553153703, 1.7673748690800046, 1.87478365922823, 1.9247051996685123, 1.9023406331642025, 1.72148115632808, 1.7204439359175971, 1.72850478548947, 1.8698598612392558, 1.5303555404204499, -0.36350026119686873], [3.3136032785660863, 3.340616978581952, 3.1443999612295634, 1.9523753068942256, 2.6611291625203464, 1.5766263698599197, 2.6881110726658477, 0.5456080282458906, 2.319462098464774, 1.9128943803900214, 1.366391799818123, 1.5092116407118308, 1.9161290146746133, 1.7879880688542666, 1.9027695328161442, 1.655824522524135, 1.6802667300929492, 1.75314822121077, 1.8974039207902393, 1.5351599077446814, -0.4359432034545012], [2.8881470741810844, 3.5291761886378907, 3.3229095216687927, 1.6544595523281984, 2.8360474192749034, 1.833789384811583, 2.7412915505118285, -0.13632626436522344, 2.409470200247462, 2.064679994267893, 1.6699632142544836, 1.8989150816689566, 1.901187170674909, 1.9551116396115003, 1.9145459042063564, 1.7291569471915267, 1.6689481083153659, 1.6994142869198665, 1.8455201870731432, 1.561058585850457, -0.28870347873512436], [3.0977571989760495, 3.3904375144119143, 3.186755477517961, 1.9663419156993758, 2.6957044718514602, 1.791518279189983, 2.6105071908559445, 0.30391259747735155, 2.381833650430057, 2.0447265922760742, 1.7571008822085386, 1.8677644628743, 1.8157558872633377, 1.9220862356999007, 1.6569992987047364, 1.80249964488082, 1.5330661715711908, 1.667038633658203, 1.8627528162175828, 1.510919491034656, 0.20553799573869647], [2.429983767677923, 3.4363508020287306, 3.227478718513968, 1.4400460093862364, 2.8221894833748635, 2.0906408042426925, 2.6276409054601437, 0.23306451970674225, 2.3961811359766223, 2.1198002415860984, 1.9848239299636, 1.956194373177496, 1.8066302135340528, 1.933749706439512, 1.725151210979723, 1.822016550144271, 1.5978095505970238, 1.6816462922225384, 1.8821543968058325, 1.5299296012337962, 0.16608141479533778]]], "scores_model": [[40.741713483626796, 0.0], [40.023176793201884, 0.0], [40.698762268595864, 0.0], [41.07101640853813, 0.0], [40.909563627847206, 0.0]], "scores_ultimate": [[[1.87478365922823], [0.0]], [[1.9161290146746133], [0.0]], [[1.901187170674909], [0.0]], [[1.8157558872633377], [0.0]], [[1.8066302135340528], [0.0]]], "scores_ultimate_total": [[1.87478365922823, 0.0], [1.9161290146746133, 0.0], [1.901187170674909, 0.0], [1.8157558872633377, 0.0], [1.8066302135340528, 0.0]], "proportion_included": 1.0}