{"scores": [[[2.835252521267744, 3.5708563661786457, 3.346293621183042, 1.5767639907406341, 2.8741859571964596, 1.8751226505334486, 2.757145211093613, 0.21543615353611045, 2.3957961986554395, 2.0414671593646645, 1.6099916333490043, 1.761202737531864, 1.8749959180551965, 1.9386493952675963, 1.9055701922728794, 1.7188522384819684, 1.7216408193632518, 1.7394393110925073, 1.8683497501570407, 1.5414456520078055, -0.3600043421746495], [3.321824626031665, 3.330227115881918, 3.1270299880497205, 1.9801770673103274, 2.649606715352501, 1.568284824729215, 2.6779274791002194, 0.5729793607614084, 2.3315045592114423, 1.9138744521007762, 1.3442868386780376, 1.513589302319522, 1.9215510252214187, 1.775526850933458, 1.8966819987708163, 1.6416996122079848, 1.687564649289035, 1.7435137359324528, 1.8912512036735887, 1.5358471171896717, -0.4283878465430728], [3.0220120449496974, 3.4766779097153666, 3.2590853447690797, 1.8404750551035924, 2.7841948266382417, 1.7948352315293565, 2.6928853910478203, 0.030396706152732378, 2.413737008619357, 2.0610734019339034, 1.688088623565644, 1.8920525070878647, 1.8986199455465371, 1.933061868419724, 1.8914523051457124, 1.6919009728175265, 1.648747770073868, 1.6989455816934083, 1.8410808894739237, 1.5472768476051968, -0.23072343883463908], [3.038822894242866, 3.3854749807517557, 3.1785372872590543, 1.9346361697643388, 2.6932453900420725, 1.816610543421893, 2.5882657841718313, 0.4494634269029305, 2.3997301228549244, 2.083012519297993, 2.0843511622840794, 1.9829771299310899, 1.7890982789771712, 1.9090302429247803, 1.7233923382743903, 1.8164483065014103, 1.5889784940846692, 1.6832595274308684, 1.87951566338959, 1.5188015481529682, 0.1979841076979394]]], "scores_model": [[40.80845313515427, 0.0], [39.99656067620211, 0.0], [40.87587679305391, 0.0], [41.74163591835862, 0.0]], "scores_ultimate": [[[1.8749959180551965], [0.0]], [[1.9215510252214187], [0.0]], [[1.8986199455465371], [0.0]], [[1.7890982789771712], [0.0]]], "scores_ultimate_total": [[1.8749959180551965, 0.0], [1.9215510252214187, 0.0], [1.8986199455465371, 0.0], [1.7890982789771712, 0.0]], "proportion_included": 1.0}