{"scores": [[[6.220756995202047, 5.977651975874874, 5.871478245048138, 5.487654913216417, 5.1784211845409835, 5.261394913518615, 5.072817223134425, -1.4845541871931216, 4.502550830212936, 3.104778944895056, 3.8096993019906478, 3.4592271330192546, 3.864211321062692, 3.850382181411584, 3.756805058378216, 3.368320352161007], [7.583989738688327, 7.2482465190858925, 6.4632843638412325, 6.578377006661807, 6.1391508738562734, 5.584665377602121, 5.762056025476827, 1.539427285769225, 5.038152225303895, 4.120056001414291, 4.5247110461505695, 3.320711903538676, 3.8751301215829237, 3.941111789866083, 3.593234342747399, 3.1096021773156597], [6.192844980452444, 5.956741688721749, 5.850529679585815, 5.47430164533062, 5.154022225768156, 5.274201789090785, 5.062125847159098, -1.515103716376693, 4.4946253454976315, 3.47185257113696, 4.061491812975138, 3.4801064215419792, 3.846704804472072, 3.8783783091563215, 3.7656981536228518, 3.5569577115935296], [6.252480604683091, 6.024168625827176, 5.820725640498255, 5.502248694430868, 5.225270266834553, 5.182779015518481, 5.001568493973007, -0.7183651652475103, 4.417276537049673, 0.6016962505543297, 4.144433558816088, 3.759953754122277, 3.6875516201935774, 3.841457034510203, 3.625946062444788, 3.7079942714435106], [6.256049638501734, 6.0354867422412575, 5.8181640782391675, 5.534372339114963, 5.229279575616426, 5.177431713868909, 5.012669638800574, -0.8257277098854647, 4.420866395071034, 0.6887145065267042, 4.137187520370272, 3.7814168183328967, 3.6510266407487464, 3.8173271400030018, 3.7599602482954637, 3.710607241899286]]], "scores_model": [[67.30159638647378, 0.0], [78.4219067989012, 0.0], [68.00547926972845, 0.0], [66.07718526565237, 0.0], [66.20483252774497, 0.0]], "scores_ultimate": [[[-1.4845541871931216], [0.0]], [[1.539427285769225], [0.0]], [[-1.515103716376693], [0.0]], [[-0.7183651652475103], [0.0]], [[-0.8257277098854647], [0.0]]], "scores_ultimate_total": [[-1.4845541871931216, 0.0], [1.539427285769225, 0.0], [-1.515103716376693, 0.0], [-0.7183651652475103, 0.0], [-0.8257277098854647, 0.0]], "proportion_included": 1.0}