{"scores": [[[1.8010213663368937, 6.87544291986902, -12.67564275162288, 6.380146004949275, 6.195098547828911, 6.112877772931238, 6.167219516509437, 6.0776526739416, 6.007774486952812, 5.620291686675092, -2.7459205685385637, 5.245986041042343, 4.883119670311423, 4.9556931073035955, 4.811543802068396, 4.581736975227416, 4.501672724797048, 4.4998642971193465, 3.908590073327421, 4.144422351774001, 3.7965027299821728, 3.8022747439199804, 3.345882486385502, 3.709679814437351, 3.7739221824925338, 3.7742939905726587, 3.5811798573128772, -0.09992600169793775], [1.709276400429241, 7.901152311450566, 0.8617954212056063, 7.529477625400702, 4.983960082931592, 7.299938429128627, 7.3079046167413715, 7.215208589842266, 7.2048755231039046, 6.78199183365699, -19.39137512300868, 6.252188913313052, 3.027863273448327, 5.774888421842817, 5.592606516783869, 5.283415395129767, 5.188120626606199, 5.086778708636308, 3.628144912630777, 4.5751091155166606, 4.164751750119326, 4.020865305291812, 3.257317875682382, 3.8072730262949577, 3.727030966436839, 3.736642927532838, 3.521383416667428, 0.4236087359653684], [-2.474155615923718, 7.680819880089537, -88.1082011674349, 7.148097400886019, 6.024791925557789, 6.871380634536646, 6.920856663123846, 6.820645855778473, 6.73371605079377, 6.309552196085287, -25.35868075233208, 5.822120918153885, 4.223654848987401, 5.296584667402328, 5.1232633287336, 4.971522231042918, 4.797105815020533, 4.7052752545239915, 4.146174674160024, 4.219147481709506, 4.031663364468789, 3.8262509465740955, 3.4449879213642873, 3.5459800648744846, 3.7096820294053625, 3.6343469700335014, 3.5078884634561778, 1.40823613939326], [2.3310430333410803, 6.854438845714615, -8.504819964418873, 6.305281896244516, 5.927814832272709, 6.008828594739551, 6.076361376716122, 5.970794679530417, 5.881268566837054, 5.509803848466731, -1.3336707804652699, 5.148590678091795, 4.6637640747550275, 4.794478930605754, 4.653515422988857, 4.499020225517029, 4.380478061426075, 4.370141982403126, 3.8261488336207528, 4.024498972077051, 3.860172150151879, 3.6697162708285376, 3.492065111338281, 3.5261190879859683, 3.7432296090228014, 3.747904114281072, 3.6397863518891604, 0.4768204460860943]]], "scores_model": [[103.03240050220896, 0.0], [110.47219559878093, 0.0], [8.982708190464823, 0.0], [107.54359525204792, 0.0]], "scores_ultimate": [[[4.144422351774001], [0.0]], [[4.5751091155166606], [0.0]], [[4.219147481709506], [0.0]], [[4.024498972077051], [0.0]]], "scores_ultimate_total": [[4.144422351774001, 0.0], [4.5751091155166606, 0.0], [4.219147481709506, 0.0], [4.024498972077051, 0.0]], "proportion_included": 1.0}