{"scores": [[[6.223073272087209, 5.987978008539489, 5.875738686356609, 5.495555261072241, 5.188044280183863, 5.261332930546633, 5.062970014545694, -1.6500157357070453, 4.491097776783384, 3.0304011193681575, 3.866497330571754, 3.478353792039144, 3.8531366571680294, 3.845839093317071, 3.746294753792732, 3.357582871601455], [7.600152023699387, 7.282076220884033, 6.479811574399612, 6.596670182626481, 6.147929343942142, 5.6008682422476745, 5.794810593326158, 1.5516015388298516, 5.056728816782535, 4.146122413307339, 4.5388843662436, 3.3396332845913577, 3.8641109542293997, 3.92424784855179, 3.5758416578672794, 3.0560237847881133], [6.1752035787069985, 5.9646899987344995, 5.84371906577352, 5.472428522811551, 5.164096865210823, 5.255243670945134, 5.055664736180621, -1.449982561007948, 4.49246403043583, 3.3772872455589216, 4.095725606091749, 3.4877778669523813, 3.846347822836316, 3.843203352861874, 3.752628247486278, 3.558921828383337], [6.2625292062848565, 6.013561345306115, 5.8219792852470835, 5.511795983595611, 5.215236484648424, 5.199361605583626, 5.034712979548123, -1.0426967000801906, 4.4425682617187086, 0.3991989331830581, 4.173481566738658, 3.7191826261587586, 3.8531017975206154, 3.90316687813508, 3.824504259136951, 3.6797944916123253]]], "scores_model": [[67.11388011226643, 0.0], [78.55551284631676, 0.0], [67.93541987796189, 0.0], [66.01147900433782, 0.0]], "scores_ultimate": [[[-1.6500157357070453], [0.0]], [[1.5516015388298516], [0.0]], [[-1.449982561007948], [0.0]], [[-1.0426967000801906], [0.0]]], "scores_ultimate_total": [[-1.6500157357070453, 0.0], [1.5516015388298516, 0.0], [-1.449982561007948, 0.0], [-1.0426967000801906, 0.0]], "proportion_included": 1.0}