{"scores": [[[4.891876747471265, 4.4654844041954185, 3.6562701243660793, 1.6557665663774372, 4.087755207925838, 4.2662810564928915, 3.9390445371196066, 3.77551768772509, 5.123659198645392, 4.493205016525838, 3.7002653763505045, 2.794324959914757, 3.45241973176722, 2.581535669684163, 3.4877781230748646, 2.2865688828850796, 2.4516861753698684, 1.8267492441536959, -0.38999445645705677], [5.015337905281552, 3.6546193167985432, 2.6771548545537733, 1.1908636218013875, 4.0687673704842275, 4.338900630066529, 3.9207402131455353, 3.881901859735784, 5.671443814774699, 4.66836926633615, 3.8957526240415064, 1.9178370605447341, 3.5663766761741442, 2.820870124156583, 3.6298071354809274, 2.538577069965342, 1.8976580330788906, 1.583202476147319, -1.5929381781027754], [4.962635381922517, 4.380329228241326, 3.5678003801822467, 1.2438871305943486, 4.128456502983344, 4.270740470464775, 3.9495275395669722, 3.8066740056026234, 5.403080346720316, 4.510397535089194, 3.722464033541499, 2.7139137483632467, 3.5362288582364307, 2.582135362299139, 3.4162444564000296, 2.0943248400817076, 2.1503795063539464, 2.1134531225354536, -0.83174141483609], [4.844748151450993, 4.546024650857028, 3.791902056981666, 1.9149354211284901, 4.070947281683001, 4.258803342974229, 3.936803334474032, 3.788639453514792, 3.7397209020740902, 4.151699090326439, 3.580599307996758, 2.891478781892493, 3.611824111088371, 2.5130185101791476, 3.442701480268024, 2.003468736062274, 2.917249817453385, 2.0949706829324946, -1.2702678010459305]]], "scores_model": [[62.546194253587956, 0.0], [59.34524187446485, 0.0], [61.72093103434302, 0.0], [60.829267312291776, 0.0]], "scores_ultimate": [[[3.7002653763505045], [0.0]], [[3.8957526240415064], [0.0]], [[3.722464033541499], [0.0]], [[3.580599307996758], [0.0]]], "scores_ultimate_total": [[3.7002653763505045, 0.0], [3.8957526240415064, 0.0], [3.722464033541499, 0.0], [3.580599307996758, 0.0]], "proportion_included": 1.0}