{"scores": [[[8.174566031152029, 7.964629096680241, 7.818007533284568, 6.916608300644288, 6.834846758990967, 6.130616360875006, 6.215729453515937, 5.082050578539718, 5.415291161533938, 4.094955002043319, 2.263294193465409, 3.9784896981931333, 3.726136796102331, 4.051767748187295, 3.5004909165883156, 2.550191731386601, 2.095740308789601, 0.7624403844442877, 2.089714679353813], [8.69548050765437, 8.450472726259687, 7.7908448005391975, 6.6432317425165035, 7.207524770249826, 6.073968124070181, 6.515779141003108, 4.820629134945676, 5.652846857600993, 4.024156000707276, 3.96908450569855, 4.076705942915513, 3.818492809631124, 4.1263500319608255, 3.5458027952202293, 2.617304755597253, 2.109668442340377, 0.7362092295745519, 2.048563960942868], [8.170067473824073, 7.968718371160531, 7.844392146777292, 6.926303209710856, 6.839157955781335, 6.131894712383138, 6.2162071842006235, 5.072203654846753, 5.408746206798398, 4.131292437937358, 2.2896031464628077, 3.9866379087648216, 3.7272449609477967, 4.048308307810576, 3.460606526654086, 2.4723205035334743, 1.9029546597379756, 0.5723070668986718, 2.3644396988732463], [8.140092379001583, 7.937672248368337, 7.81083219443973, 6.930432737389001, 6.844533657321989, 6.111370695063425, 6.230857237594591, 5.044910693659434, 5.446378507147379, 4.026242114186225, 1.913851835131684, 4.068125748153175, 3.803988044990648, 4.149027543358354, 3.71006090966873, 2.677799804359781, 1.6198700189502446, -0.36256208477412244, 2.350293864361534]]], "scores_model": [[89.66556673377082, 0.0], [92.92311627942813, 0.0], [89.53340613310381, 0.0], [88.45377814837171, 0.0]], "scores_ultimate": [[[2.263294193465409], [0.0]], [[3.96908450569855], [0.0]], [[2.2896031464628077], [0.0]], [[1.913851835131684], [0.0]]], "scores_ultimate_total": [[2.263294193465409, 0.0], [3.96908450569855, 0.0], [2.2896031464628077, 0.0], [1.913851835131684, 0.0]], "proportion_included": 1.0}