{"scores": [[[8.173947236255895, 7.965674780050467, 7.82530537839467, 6.920981606594953, 6.843792643340375, 6.122405220564758, 6.213035184665156, 5.07489781702898, 5.40826775220949, 4.1032013700557, 2.2648208374385916, 3.978591898531839, 3.728631405438769, 4.037665914760627, 3.4930227025639304, 2.553755040027024, 2.0969904371344974, 0.7470531462109165, 2.103140520558494], [8.58681358820236, 8.358821503374553, 7.802494931939069, 6.706533856172722, 7.128134968532809, 6.100835165230459, 6.456039360522961, 4.896702495226791, 5.601614121695423, 4.0317410545960275, 3.827452927521154, 4.043230013370842, 3.780802174937701, 4.087748102192057, 3.5638071835235436, 2.6091488564492806, 2.092090945844861, 0.7458952117986204, 2.0673552107373823], [8.173418517603654, 7.966998176908493, 7.824773131625175, 6.927298000475989, 6.8358470973711825, 6.121767781456217, 6.217066166290747, 5.085437375714918, 5.396340183738939, 4.114398249430511, 2.3064591739778315, 3.984121390095389, 3.7221425011513194, 4.030460993752069, 3.4581365454829935, 2.4706419768148606, 1.9011232184489444, 0.4967300821041718, 2.364284995633442], [8.192111396761536, 7.988713706373257, 7.838427274674952, 6.921374031319257, 6.850003144410476, 6.101370653628777, 6.229177067073277, 5.075827506511342, 5.401650070333282, 4.147470870474532, 2.2373250369802395, 3.9914081171278593, 3.722596637237224, 4.045386207429175, 3.5639230956591703, 2.6122494636696505, 2.1040643547106512, 0.40381045732168275, 2.3554124179722393], [8.158968177980785, 7.958022614824561, 7.829441430664577, 6.910191422382415, 6.825249794580905, 6.12172260670787, 6.2202897835347475, 5.0809806841684, 5.409061337364307, 4.1076025623056545, 2.154474379569036, 4.015523361924934, 3.749477890525929, 4.075355190180623, 3.605593038723965, 2.658799011473194, 1.9374565030753104, 0.02690669994650463, 2.3602072317839156]]], "scores_model": [[89.65518089182513, 0.0], [92.48726167186862, 0.0], [89.39744555807685, 0.0], [89.78230150966857, 0.0], [89.20532372171765, 0.0]], "scores_ultimate": [[[2.2648208374385916], [0.0]], [[3.827452927521154], [0.0]], [[2.3064591739778315], [0.0]], [[2.2373250369802395], [0.0]], [[2.154474379569036], [0.0]]], "scores_ultimate_total": [[2.2648208374385916, 0.0], [3.827452927521154, 0.0], [2.3064591739778315, 0.0], [2.2373250369802395, 0.0], [2.154474379569036, 0.0]], "proportion_included": 1.0}