{"scores": [[[4.909886235292078, 4.468634461690993, 3.632888051130166, 1.4219537447956299, 4.117046591012684, 4.264256961177399, 3.9506490236293157, 3.8052530235035356, 5.216553747192009, 4.496508164566325, 3.7068263450985324, 2.7846368515444393, 3.454737123387723, 2.582363016815316, 3.478245657161759, 2.279968531231166, 2.4068687064883214, 1.8168237015803257, -0.32935952275174074], [5.059714499860139, 3.594458026224622, 2.378029868474975, 1.2383892196981225, 4.061232030955068, 4.328203266719617, 3.879122840245534, 3.917727144706813, 5.713929754553305, 4.698947922513053, 3.878383097785509, 1.8866954609711577, 3.5978733680274786, 2.8370236111992337, 3.6336448520471922, 2.625445110585426, 1.7098549364427136, 1.42477243407221, -1.355441442758659], [4.965060118119361, 4.339014314224698, 3.5636771212569407, 1.230948354986113, 4.123106503096807, 4.281115574873528, 3.92756110240912, 3.8096814252846922, 5.411496225980645, 4.518694102172091, 3.7231945421952304, 2.7268134993895856, 3.5175291180566326, 2.5839404892202253, 3.424835611821301, 2.1296248119631738, 2.096671925218338, 2.1298224435373445, -0.8470959312856063], [4.8256076359095434, 4.592252126569829, 3.82476702962062, 1.979507800896128, 4.048439322883098, 4.238101785954722, 3.9325831329060517, 3.675465248224132, 3.641273701414862, 4.381300176413003, 3.606695399448647, 2.8257937098313928, 3.451639196309559, 2.471100043510633, 3.399466692964582, 2.204494261056155, 2.8183052126009684, 1.9293222875946352, -0.7366370281624075], [4.822498356283646, 4.622365475410749, 3.844289836507219, 2.0881004970188037, 4.05184489554733, 4.24255114907416, 3.9332200017213115, 3.666726254911044, 3.7070737143684234, 4.376309286537964, 3.5989714067376113, 2.7348069392566874, 3.5009803530684547, 2.4705544931684464, 3.4178795313297776, 1.8416539832370518, 2.789150789965685, 2.056899252821623, -0.7207400372837576]]], "scores_model": [[62.464740414545986, 0.0], [59.108006002323506, 0.0], [61.655691352520215, 0.0], [61.10947773594616, 0.0], [61.04513617968223, 0.0]], "scores_ultimate": [[[3.7068263450985324], [0.0]], [[3.878383097785509], [0.0]], [[3.7231945421952304], [0.0]], [[3.606695399448647], [0.0]], [[3.5989714067376113], [0.0]]], "scores_ultimate_total": [[3.7068263450985324, 0.0], [3.878383097785509, 0.0], [3.7231945421952304, 0.0], [3.606695399448647, 0.0], [3.5989714067376113, 0.0]], "proportion_included": 1.0}