{"scores": [[[2.14351607412901e-06, 4.979335943208199e-06, 2.2067952633950654e-05, 3.220783204531085e-05, 1.2863867198230057e-05, 1.2063110807353174e-05, 2.374124065800264e-05, 1.3440979692142075e-05, 4.612421139963051e-08, 3.2372114846639585e-07, 5.62599139340912e-06, 8.579919947989164e-05, 8.71586353956178e-05, 7.404246549847841e-05, 3.63527729789681e-05, 0.0002915888508230539, 0.00015681382522256935, 0.0006127096619424801, 0.0005059909457837717], [6.513018757132281e-07, 5.3158280652153815e-06, 2.5489380979608666e-05, 2.9954991306018695e-05, 1.1574312171152617e-05, 7.122746818125471e-06, 9.423757749010886e-06, 5.7873821936085796e-06, 1.0232833254400274e-07, 1.1081230134526247e-06, 1.6273950285527308e-06, 0.0001041990932570943, 6.375189484099773e-05, 1.5818554153219894e-07, 1.8561062782161926e-05, 0.00012227590021660986, 0.00023832523840345478, 0.0010952436116505571, 0.0006198641787369995], [1.7686839347982962e-06, 5.2968771636796934e-06, 2.1997675962027447e-05, 3.224569523809974e-05, 1.275552917704526e-05, 1.1826309286503214e-05, 2.545399188169781e-05, 1.292054829364971e-05, 4.3892135520251025e-08, 2.58568375244508e-07, 4.010660974072437e-06, 9.205923984378034e-05, 6.315495443018377e-05, 4.718192431334328e-05, 4.291810915250552e-05, 0.0003721471322186505, 0.00020654435387422294, 0.00029473274875683726, 0.0005026287650394381], [1.909780993317032e-06, 4.997590401657371e-06, 2.181764675942628e-05, 3.289374443424467e-05, 1.351431431769494e-05, 1.1453461649251431e-05, 2.2235644117585908e-05, 1.4904444770968846e-05, 8.882417157334843e-06, 6.059950642790762e-08, 2.741702782157458e-06, 9.407263799500697e-05, 8.61252632535371e-05, 4.693405241396934e-05, 1.6018075502177482e-05, 0.00031230165374806937, 0.00010015466485684242, 0.00044854543373217106, 0.0005037444158788897], [2.0476580551538672e-06, 4.926517886125149e-06, 2.174290639274816e-05, 3.2465257364459424e-05, 1.3599354544274234e-05, 1.0957248600102245e-05, 2.275897337843424e-05, 1.6089076354162435e-05, 8.534201278840397e-06, 7.523189207140451e-09, 2.0061334941593425e-06, 0.00010347208246172236, 7.424848775490858e-05, 1.5386291573972616e-05, 1.466011431252361e-06, 0.0005511171281729033, 0.00010691188652464546, 0.00031945755533867553, 0.0004994116254787383]]], "scores_model": [[0.010208252670035453, 0.0], [0.011146244854947456, 0.0], [0.009596999695769232, 0.0], [0.009578780123054706, 0.0], [0.009751129271375605, 0.0]], "scores_ultimate": [[[5.62599139340912e-06], [0.0]], [[1.6273950285527308e-06], [0.0]], [[4.010660974072437e-06], [0.0]], [[2.741702782157458e-06], [0.0]], [[2.0061334941593425e-06], [0.0]]], "scores_ultimate_total": [[5.62599139340912e-06, 0.0], [1.6273950285527308e-06, 0.0], [4.010660974072437e-06, 0.0], [2.741702782157458e-06, 0.0], [2.0061334941593425e-06, 0.0]], "proportion_included": 1.0}