{"scores": [[[1.8472763270727958e-06, 5.052154211104086e-06, 2.2469274957615684e-05, 3.2262284696103074e-05, 1.323330756679852e-05, 1.159677238483968e-05, 2.45214183923159e-05, 1.4068293146509178e-05, 2.623801568425259e-07, 2.5576796102790395e-07, 5.020996683455028e-06, 8.676552065033728e-05, 8.901258024220256e-05, 7.383447696387089e-05, 3.332689755225099e-05, 0.0002865885575210803, 0.00015175069574152678, 0.0005885515670018846, 0.0005221383714564132], [8.314274931561333e-07, 5.195958817063878e-06, 2.3278330479539333e-05, 3.119204359946376e-05, 1.1554293464424495e-05, 7.781577765349273e-06, 9.77973790767757e-06, 6.7699061945108485e-06, 2.3718145762358545e-07, 1.134598078874018e-06, 5.980518942454393e-07, 0.00010347019533810292, 6.611326345063981e-05, 6.276361367780004e-07, 2.1798465666359304e-05, 0.00016539842706139504, 0.00021308940316624037, 0.0009297228315771533, 0.0006328399834305967], [1.9216348327825853e-06, 5.153214808408036e-06, 2.2303360966922093e-05, 3.2023468259576704e-05, 1.2874040083462444e-05, 1.2597117993730765e-05, 2.508304895697005e-05, 1.4333593071118245e-05, 4.723217242252945e-08, 2.017277726233213e-07, 4.3077887912850115e-06, 9.080086313665252e-05, 6.0534548067711874e-05, 5.25181115353539e-05, 4.296186142345038e-05, 0.0004060226749020191, 0.00020196020604084581, 0.000302991321139854, 0.0005051116321169584], [1.9816571291566717e-06, 5.094876856091925e-06, 2.1415461887912833e-05, 3.2140921444281114e-05, 1.3592815583387126e-05, 1.180597869525137e-05, 2.3351068878333732e-05, 4.171295763167507e-06, 9.365284850584568e-06, 8.411239911697653e-06, 1.2734761156863474e-06, 8.592811303866727e-05, 3.807192212597605e-05, 5.962973542897434e-05, 3.28812316437599e-05, 0.000454789111837445, 8.690013965995737e-05, 0.0003223778432940604, 0.0005018871123694201]]], "scores_model": [[0.010163294621262937, 0.0], [0.010837103208250503, 0.0], [0.00971636559211245, 0.0], [0.009500884409009432, 0.0]], "scores_ultimate": [[[5.020996683455028e-06], [0.0]], [[5.980518942454393e-07], [0.0]], [[4.3077887912850115e-06], [0.0]], [[1.2734761156863474e-06], [0.0]]], "scores_ultimate_total": [[5.020996683455028e-06, 0.0], [5.980518942454393e-07, 0.0], [4.3077887912850115e-06, 0.0], [1.2734761156863474e-06, 0.0]], "proportion_included": 1.0}