{"scores": [[[0.000135387792411884, 6.161947334927102e-06, 1.3670189971679505e-05, 0.0009328738716242693, 0.00011557955012884261, 0.0009934010286102174, 1.2766886394081275e-05, 0.005010981576394378, 0.0003916257350952871, 0.0008695653806992574, 0.0020802770258829526, 0.0001650525006201879, 0.0009584624053939527, 4.97952648437773e-05, 4.982691155711726e-05, 0.0005753591863293373, 0.0016886165681283677, 0.0015026248253270278, 0.001145725826439163, 0.0017864122200409083, 0.013970362969764095], [7.129287800711094e-05, 3.672733305486821e-05, 5.6121208805274415e-05, 0.0007225446144360984, 0.00022334668836495025, 0.0011398211912926645, 2.3975408667954074e-05, 0.00417801248217724, 0.00042390782691647535, 0.0013414541335016671, 0.0030658532895419233, 0.0005456684827643122, 0.00034019943269401106, 0.0008831780681293422, 0.00012285088845134088, 6.501691977624932e-05, 0.0017362027234307741, 0.001195598734559745, 0.0008749865163892206, 0.002287837755834411, 0.022792166449738114], [0.00012592726907981617, 9.040816172023036e-06, 1.5714905425210758e-05, 0.0008945474435482308, 0.00014589745775521473, 0.0010618945158787064, 2.1362588193035585e-05, 0.005541169187340861, 0.00034005794123559993, 0.000761791740330632, 0.0019524861084330525, 0.0009794650285168116, 0.0007584697214282793, 3.785096755459522e-05, 5.684852372161079e-05, 0.0005405282300431622, 0.0018319738808460877, 0.0018680774888726328, 0.0012705955392313792, 0.0018874440434361944, 0.009228620637804053], [0.00010248602163744824, 2.05482521883245e-05, 3.230721939514416e-05, 0.0007871102946962686, 0.00019749347017816108, 0.001231479274968692, 5.486093807148421e-05, 0.005244542701216101, 0.00024233581664530223, 0.0006098635714130628, 0.001684109564713249, 0.0008702627440466148, 0.0008935018320330168, 5.798435104035583e-06, 0.0014360576274131984, 0.00015511554170252482, 0.002718199616958701, 0.001474657921625592, 0.0006237720537340379, 0.002653159980039585, 0.005433687895883766], [0.00022110265476941613, 1.7495485170255335e-06, 5.999555866243061e-07, 0.0012006735746431527, 5.850105136560834e-05, 0.0008413916615894474, 8.125156417160724e-06, 0.005599125872872326, 0.0002155704031238438, 0.0003040187339937013, 0.0007527779393664108, 0.0003091002460749883, 0.000950338702174067, 6.109395165264341e-05, 0.0011340426678024924, 2.403470397969251e-06, 0.002176687625350182, 0.001417468284518409, 0.0005727469420654291, 0.002548461805573296, 0.005461814223111733]]], "scores_model": [[0.03931226009116998, 0.0], [0.04478879697644094, 0.0], [0.03737185344923126, 0.0], [0.03550409149706037, 0.0], [0.03369173593102612, 0.0]], "scores_ultimate": [[[0.0009584624053939527], [0.0]], [[0.00034019943269401106], [0.0]], [[0.0007584697214282793], [0.0]], [[0.0008935018320330168], [0.0]], [[0.000950338702174067], [0.0]]], "scores_ultimate_total": [[0.0009584624053939527, 0.0], [0.00034019943269401106, 0.0], [0.0007584697214282793, 0.0], [0.0008935018320330168, 0.0], [0.000950338702174067, 0.0]], "proportion_included": 1.0}