{"scores": [[[3.877552899754969e-13, 7.392961000065955e-12, 6.436002490088759e-09, 5.2081994939046865e-08, 1.5268556250086393e-11, 2.6753628656879263e-07, 1.3276846715030234e-08, 2.2207854528997787e-06, 6.7565769625617895e-09, 1.031160120869126e-05, 7.349809161936801e-05, 1.0230920413561926e-07, 9.707791504142417e-06, 7.901851666369246e-07, 2.2138680249941043e-05, 7.318657288022567e-06, 0.0006111255716143081, 0.0034782061556087084, 0.0024365967076081687], [9.850046406760415e-09, 5.239612560406493e-10, 1.3253328153604308e-08, 4.9525253323275266e-08, 8.375342985615977e-09, 9.969825195009038e-08, 2.9039261362787934e-08, 2.4797572509001166e-06, 1.238586474724535e-08, 8.313424656600708e-06, 5.387775798160195e-07, 6.723867160656737e-07, 6.8485586740198745e-06, 8.693375093209758e-08, 1.6338092212048512e-05, 1.543276340117129e-05, 0.0007054088038019044, 0.0034412028723652295, 0.0025596268686085702], [9.424899998599259e-14, 1.1327344899832595e-12, 6.3728129340091505e-09, 5.2156191155289494e-08, 8.40999999983974e-12, 2.6711603978928717e-07, 1.2138111963597651e-08, 2.1946798806030004e-06, 2.8807587252907526e-09, 1.0162089879490625e-05, 7.08935877478888e-05, 2.0964099923654463e-07, 1.0329376898650941e-05, 4.787884365811665e-07, 1.795043610882073e-05, 6.158816888296609e-07, 0.001072643308872019, 0.003895637717521933, 0.0008682746281432976], [3.0057156900213816e-12, 3.802500000326934e-14, 6.460687186559583e-09, 5.295194674640804e-08, 1.930723599967616e-13, 2.709835464966256e-07, 1.4042581801953049e-08, 2.1763666932019257e-06, 9.723458777764427e-09, 1.0173876691452258e-05, 7.23416148240789e-05, 3.701605378271983e-07, 1.1747123542019262e-05, 7.107019413859122e-07, 2.2885077307225134e-05, 1.018071071015059e-05, 0.0007411991494057362, 0.003980334497807613, 0.00044614090748989425], [1.481480100085629e-13, 1.0849305599449047e-12, 6.4565563972913114e-09, 5.4325354083985976e-08, 6.913091025084191e-11, 2.744856698304085e-07, 1.4301983362801914e-08, 2.264115168385128e-06, 1.8347344224378627e-09, 1.0080059857921015e-05, 7.218227767703717e-05, 2.8521346129442876e-07, 1.0841603948812704e-05, 6.999766966452178e-07, 2.279249676454133e-05, 1.1974770261855664e-05, 0.0009611294789610009, 0.004529604269531295, 0.0004515467113880149]]], "scores_model": [[0.01871161002845415, 0.0], [0.018858436462408742, 0.0], [0.017695867507071725, 0.0], [0.01669953411327521, 0.0], [0.017879350701119595, 0.0]], "scores_ultimate": [[[7.349809161936801e-05], [0.0]], [[5.387775798160195e-07], [0.0]], [[7.08935877478888e-05], [0.0]], [[7.23416148240789e-05], [0.0]], [[7.218227767703717e-05], [0.0]]], "scores_ultimate_total": [[7.349809161936801e-05, 0.0], [5.387775798160195e-07, 0.0], [7.08935877478888e-05, 0.0], [7.23416148240789e-05, 0.0], [7.218227767703717e-05, 0.0]], "proportion_included": 1.0}