{"scores": [[[3.888783998752399e-14, 7.572403240032834e-12, 6.3089501552118205e-09, 5.3325893775996985e-08, 5.610309604023122e-11, 2.6890208822926666e-07, 1.4959564866492923e-08, 2.201180824861244e-06, 4.824594356492607e-09, 1.0336098329387754e-05, 6.189428183980589e-05, 1.4372128341485941e-07, 9.569134077562877e-06, 5.361377811244579e-07, 2.5475426059369947e-05, 1.076613103639066e-05, 0.0006330711303546627, 0.0034103358644825533, 0.002527853512617482], [2.178676981691897e-09, 6.146779732899064e-10, 2.5691345339039614e-08, 9.796561962914576e-08, 3.0136959999882963e-10, 4.298539717262637e-08, 1.835285244528248e-08, 2.665048414005775e-06, 2.2649949001024577e-10, 8.035899408662154e-06, 1.1354447527563694e-06, 1.0945947019495417e-06, 5.775526929702623e-06, 4.609448586126554e-07, 3.1911302815024255e-06, 9.036961871715899e-06, 0.0006297371272933585, 0.0034818214936610903, 0.0026161514571955806], [4.515840000095577e-13, 1.8826584100212918e-12, 5.899084830249842e-09, 5.252429745124259e-08, 2.3708134810260165e-11, 2.6596443666276435e-07, 1.5544055105619597e-08, 2.1877702377876966e-06, 6.350607666484905e-09, 1.0262799877159766e-05, 6.958635631522999e-05, 2.3968573684438215e-07, 9.444591430589507e-06, 7.087432447871878e-07, 2.201115466106226e-05, 5.857614903000387e-08, 0.0009845077325327072, 0.0037889621332661146, 0.0008811442551742916], [6.249999993420552e-16, 3.0408384400320052e-12, 6.428223046436177e-09, 5.105231794575921e-08, 3.145639395982524e-11, 2.716240060353381e-07, 1.5669932256138444e-08, 2.338745338038455e-06, 5.012767440810134e-09, 1.0242552479041465e-05, 7.259264759339865e-05, 3.4300501495570115e-07, 1.1098382536352156e-05, 6.426472117477457e-07, 1.0838010638459682e-05, 3.066510346918539e-05, 0.0013061273195270752, 0.0045303517466358054, 0.00046491257332202635]]], "scores_model": [[0.018768017313185226, 0.0], [0.0188613974280073, 0.0], [0.017425722226442782, 0.0], [0.018411241639582264, 0.0]], "scores_ultimate": [[[6.189428183980589e-05], [0.0]], [[1.1354447527563694e-06], [0.0]], [[6.958635631522999e-05], [0.0]], [[7.259264759339865e-05], [0.0]]], "scores_ultimate_total": [[6.189428183980589e-05, 0.0], [1.1354447527563694e-06, 0.0], [6.958635631522999e-05, 0.0], [7.259264759339865e-05, 0.0]], "proportion_included": 1.0}