{"scores": [[[1.2467141821456475e-07, 2.1484541360165367e-07, 6.910647273718127e-08, 6.227299447297652e-07, 1.4905631133505589e-06, 1.0518274889721589e-07, 8.864314767240116e-07, 0.00015165690486287496, 3.489443427227124e-06, 1.6790942709218782e-06, 4.726245842803893e-05, 5.516783646702884e-05, 1.969431558245298e-05, 3.708833129055595e-06, 1.517576324790733e-05, 0.00047390814347930644], [2.2075714310409957e-09, 9.08573082480297e-09, 6.140637636963709e-08, 2.5501793004900925e-07, 3.968703905522726e-07, 4.352330578174716e-08, 5.999230552086782e-09, 6.961468142480627e-05, 7.421257366757809e-07, 4.985079680532664e-06, 8.394479986864726e-06, 4.81424686303112e-05, 2.6513891958561358e-05, 3.1538729293784683e-07, 6.215064441062412e-07, 0.0010389044090080098], [1.5801030452601057e-07, 2.4826282829605153e-07, 1.0037694005822901e-07, 7.233791672889916e-07, 1.628097399348793e-06, 1.5828939673602367e-07, 1.0631837076638912e-06, 0.00015004204319722515, 3.381071067606837e-06, 8.3985805798128e-07, 1.599957600280903e-05, 4.9158676853360075e-05, 1.726087980826211e-05, 3.9871854797183586e-06, 1.4033246479506172e-05, 0.00014843761133250696], [5.137842755759457e-08, 9.173998957323316e-08, 1.0532875848046448e-08, 3.926944837315727e-07, 1.1706385235603243e-06, 3.113368496676056e-08, 7.517554136668137e-07, 0.00015191566757597445, 4.17576146702397e-06, 0.00020326490896425986, 6.124597918056197e-06, 2.7178886846238945e-05, 2.153939801050256e-05, 2.3367154856975907e-06, 1.2211699384385748e-05, 3.103734462768916e-05]]], "scores_model": [[0.006960856284803747, 0.0], [0.008656674234002796, 0.0], [0.005044921629860158, 0.0], [0.005375202633847472, 0.0]], "scores_ultimate": [[[0.00015165690486287496], [0.0]], [[6.961468142480627e-05], [0.0]], [[0.00015004204319722515], [0.0]], [[0.00015191566757597445], [0.0]]], "scores_ultimate_total": [[0.00015165690486287496, 0.0], [6.961468142480627e-05, 0.0], [0.00015004204319722515, 0.0], [0.00015191566757597445, 0.0]], "proportion_included": 1.0}