{"scores": [[[1.3640583075853556e-07, 2.3545630483453723e-07, 8.831636845249618e-08, 6.9107897629446e-07, 1.575650805150587e-06, 1.337560922382556e-07, 9.554153446622556e-07, 0.0001505467920559513, 3.4432257527675988e-06, 4.968935404498552e-06, 5.463792371200906e-05, 5.554888444703319e-05, 1.6505127460090075e-05, 5.977785881391119e-06, 1.6596679135164895e-05, 0.0004460556967689431], [8.740772762406465e-09, 6.428880508087166e-09, 4.9180247462452716e-08, 2.6138627634022135e-07, 4.125802494408559e-07, 6.586506483562071e-08, 1.088544647612967e-09, 6.786153830953267e-05, 7.894400688193418e-07, 2.8661308298180067e-06, 8.171014246201853e-06, 4.53517325625303e-05, 2.8803046721409085e-05, 1.1225538752112768e-06, 3.585541346772496e-07, 0.0009490570038966532], [1.6962371731601403e-07, 2.5556846722885115e-07, 1.0860346614015299e-07, 7.81885683049012e-07, 1.7160339766350458e-06, 1.506189709315589e-07, 1.0885675370113165e-06, 0.00014969087426561272, 3.4097203122321088e-06, 4.938294617311001e-06, 2.059935199207128e-05, 5.3947560416940275e-05, 1.6934697379005113e-05, 3.586404203424014e-06, 1.6910194597080365e-05, 0.0001459581093063935], [5.427297078335803e-08, 9.21585092064331e-08, 5.043059210245203e-09, 3.624027960009569e-07, 9.858786085616956e-07, 1.614340501489424e-08, 5.27121448579749e-07, 0.00015501449207193875, 3.491970548442342e-06, 0.00020539956254040945, 5.180976272505649e-06, 1.8757555802799703e-05, 3.734268693647557e-05, 7.880529043985218e-08, 2.7966321018752602e-05, 3.202291832729647e-05], [4.3526810708627634e-08, 6.550170048900703e-08, 2.8031942030386743e-09, 2.975020664062149e-07, 9.313377154105526e-07, 2.8763481603978807e-10, 5.164627093315472e-07, 0.00015553148043732148, 3.4149147674214357e-06, 0.00020414748408675973, 5.368204012782398e-06, 1.7305743104295648e-05, 4.122405427933461e-05, 5.0306183532160795e-06, 1.2859666385821209e-05, 3.099741479803687e-05]]], "scores_model": [[0.006883390926444974, 0.0], [0.008311085536351622, 0.0], [0.005124976273776679, 0.0], [0.005518708576324818, 0.0], [0.005464298914638744, 0.0]], "scores_ultimate": [[[0.0001505467920559513], [0.0]], [[6.786153830953267e-05], [0.0]], [[0.00014969087426561272], [0.0]], [[0.00015501449207193875], [0.0]], [[0.00015553148043732148], [0.0]]], "scores_ultimate_total": [[0.0001505467920559513, 0.0], [6.786153830953267e-05, 0.0], [0.00014969087426561272, 0.0], [0.00015501449207193875, 0.0], [0.00015553148043732148, 0.0]], "proportion_included": 1.0}