{"scores": [[[0.0001293833678517597, 6.253250422497744e-06, 1.2328104099600557e-05, 0.0009224267973904206, 0.00012232782495646865, 0.0009761433574838042, 1.7645779673351995e-05, 0.004414907061684306, 0.00038776604203418234, 0.0008438855929846637, 0.0020894061112405413, 0.00012290041591410527, 0.0009530432144744277, 4.841690906707694e-05, 4.113186630857158e-05, 0.000532287698392319, 0.0015755848976750553, 0.0014718994667769362, 0.001201295635922933, 0.0016981498678009849, 0.014217274252108919], [6.686816987160784e-05, 3.01618772722912e-05, 3.6806875195688036e-05, 0.0006623887937172007, 0.00019941049235326405, 0.0012068716993234648, 2.4480427972902376e-05, 0.004039190613109161, 0.00041619974014866536, 0.0012565785698555759, 0.0031579683872064303, 0.000530218320660901, 0.0003160357729860241, 0.0009566261141731417, 0.00016628935527432793, 0.00010431764538719681, 0.0015421529277650536, 0.0011555031094068633, 0.0008472224554113833, 0.002385987205378633, 0.023425804862888425], [0.00010241603944655544, 1.665086381920937e-05, 2.8623099203132945e-05, 0.0007964524978201479, 0.00017511263305816353, 0.0011321735027017632, 4.3526795130247766e-05, 0.005408107037667873, 0.00030067116097639863, 0.0007311764179951227, 0.001938042050193656, 0.0010181475221637789, 0.000701368462823068, 0.0001408922944776356, 8.734857583411801e-05, 0.0006066382792807743, 0.0016260417508272215, 0.001480770583331502, 0.0011621372361379518, 0.001944948476464903, 0.009776052649409924], [0.00011858277834317343, 1.2014050244640892e-05, 2.1654680664677114e-05, 0.0008353410377393072, 0.0001885414869436505, 0.001193073772809976, 6.273862907598872e-05, 0.0049871401919779354, 0.00017560972617551785, 0.00035430739953303875, 0.00022993491659604258, 1.3964189923157087e-05, 0.0009097821974591783, 6.261963634805965e-05, 0.00113814650672633, 2.77184349289257e-07, 0.0022016396433866647, 0.0013783862096373675, 0.0005293564680315012, 0.0025496085893352096, 0.005521506470785631]]], "scores_model": [[0.03890431333306478, 0.0], [0.04500110232266708, 0.0], [0.037300132725898896, 0.0], [0.03272120745682657, 0.0]], "scores_ultimate": [[[0.0009530432144744277], [0.0]], [[0.0003160357729860241], [0.0]], [[0.000701368462823068], [0.0]], [[0.0009097821974591783], [0.0]]], "scores_ultimate_total": [[0.0009530432144744277, 0.0], [0.0003160357729860241, 0.0], [0.000701368462823068, 0.0], [0.0009097821974591783, 0.0]], "proportion_included": 1.0}